{"0": {"0": 0.0975079450243138, "1": 0.8863307729058234, "2": 0.012270122816681571, "3": 5.442532026673444e-09, "4": 2.782704545010928e-05, "5": 1.3432029107454951e-11, "6": 9.485340651894458e-12, "7": 1.015734940880677e-10, "8": 1.6719768188401497e-11, "9": 0.0038633236719984457, "10": 2.9519899727991646e-09}, "1": {"0": 0.04663286542408365, "1": 0.0542967008269779, "2": 0.8963818603274135, "3": 7.335026054351528e-12, "4": 4.5473802094232017e-10, "5": 0.0005126755262633409, "6": 1.7569277901090626e-05, "7": 9.034720550367101e-11, "8": 0.0005380547204828637, "9": 0.0016202733332115295, "10": 1.1246026122144675e-11}, "2": {"0": 0.009566728272056187, "1": 0.0172544816926938, "2": 0.019427216731907223, "3": 0.008285349538731751, "4": 0.010241694512415554, "5": 0.008300686578040674, "6": 0.010506642362432523, "7": 0.006723167105685595, "8": 0.007473884172793277, "9": 0.902220149032703, "10": 5.408050878554736e-13}, "3": {"0": 0.021472671309986646, "1": 0.02296995806021897, "2": 0.04810092811607441, "3": 0.010497815827156125, "4": 0.014115504265902554, "5": 0.011034192963083663, "6": 0.008510332498536739, "7": 0.8328835902215492, "8": 2.6173056003261907e-08, "9": 0.030414980564029487, "10": 4.0568128418524765e-13}, "4": {"0": 0.009418325593684593, "1": 0.01109175288120013, "2": 0.0029543245004882168, "3": 2.3708261495348528e-05, "4": 0.02714380508050282, "5": 0.012311248747435515, "6": 5.974427923132784e-09, "7": 0.06984982440144627, "8": 0.8510473344017022, "9": 0.016159670157538282, "10": 7.838237069367692e-14}, "5": {"0": 0.023062744259453982, "1": 0.07498443519780394, "2": 0.02586658644297092, "3": 0.013160809426591856, "4": 0.32662102178950814, "5": 0.00375640341911889, "6": 0.0027440259646021883, "7": 0.009033384259284963, "8": 0.006370185491945634, "9": 0.02212480738375057, "10": 0.49227559636496776}, "6": {"0": 0.013447153539309394, "1": 0.02265360360342159, "2": 0.03167715377337458, "3": 0.009874243695055464, "4": 0.011807832687874815, "5": 0.010830571695003408, "6": 0.8501604624494526, "7": 0.00021747349933896824, "8": 0.0002698793643736232, "9": 0.00015735630510456394, "10": 0.048904269387690324}, "7": {"0": 0.021559974720270304, "1": 0.033448359500273, "2": 0.008313114721348174, "3": 0.08478314501091225, "4": 0.004238439003766729, "5": 0.002507484220103512, "6": 0.826315297991257, "7": 1.0064880745503532e-09, "8": 8.923400492702052e-08, "9": 0.01733186925844255, "10": 0.0015022253331331086}, "8": {"0": 0.03393934073774252, "1": 0.03434261132133485, "2": 0.03929748252509689, "3": 0.6785608149641853, "4": 0.07639432979552833, "5": 0.020280201360158838, "6": 0.0501437876074795, "7": 0.011867836755467475, "8": 0.0498030784664546, "9": 0.005370516461418868, "10": 5.1321436781337124e-12}, "9": {"0": 0.030420658937258, "1": 0.014663853219314963, "2": 0.24057107300096867, "3": 0.37583205314024504, "4": 0.0033624183583953497, "5": 0.002390040955297779, "6": 0.002310576123467277, "7": 0.2485493112911557, "8": 0.0818994708878123, "9": 5.440855369941102e-07, "10": 5.477979879600371e-13}, "10": {"0": 0.05235091407828441, "1": 0.03296281286479948, "2": 0.8256221252425253, "3": 0.0016764939435305343, "4": 0.007607153703288408, "5": 0.0015199263980620102, "6": 0.054856363148463975, "7": 0.0005735372623417285, "8": 1.0302042408320097e-12, "9": 3.119732567083697e-12, "10": 0.02283067335455487}, "11": {"0": 0.006510700280454694, "1": 0.007577789547098518, "2": 0.000153515565957464, "3": 2.4438042029650568e-05, "4": 0.008429179312937306, "5": 0.005056605781313566, "6": 0.4321766607112808, "7": 0.34546638444643124, "8": 0.0008299313424021745, "9": 0.19368978200759912, "10": 8.501296249452168e-05}, "12": {"0": 0.022924133612883462, "1": 0.026095448389086878, "2": 0.06500189980925658, "3": 0.08477558376849348, "4": 0.04051779763383668, "5": 0.7034256487778983, "6": 0.014439393355362278, "7": 0.005806148909965713, "8": 0.00022007545872887435, "9": 0.0367822734751519, "10": 1.1596809337269978e-05}, "13": {"0": 0.014347889706929157, "1": 0.025246827977907612, "2": 0.008603475090868408, "3": 0.7591344868207643, "4": 0.0004480880494234337, "5": 3.446171029339377e-05, "6": 2.520864374654087e-05, "7": 0.0043256344913545275, "8": 0.0038311856578240127, "9": 0.1840027418495409, "10": 1.3484844433590837e-12}, "14": {"0": 0.012141151334767371, "1": 0.015225254016485975, "2": 0.036216031454973395, "3": 0.04466481348167085, "4": 0.015105306834214982, "5": 0.016194674719414586, "6": 0.02279694292524919, "7": 0.7333784751008072, "8": 0.10427735013025324, "9": 2.0494031803135663e-12, "10": 1.1330341323506331e-13}, "15": {"0": 0.034861443763777894, "1": 0.033558561662056785, "2": 0.6678158382961675, "3": 7.015194805168772e-05, "4": 0.005885051411041232, "5": 4.093997273016318e-06, "6": 0.23066669297541811, "7": 0.022225113713308913, "8": 1.0313805260173866e-11, "9": 0.004913052222376441, "10": 2.1527619732483648e-13}, "16": {"0": 0.020551224440154347, "1": 0.014784673931827627, "2": 0.06689225592187661, "3": 0.0036850772435739793, "4": 0.0065316344466589986, "5": 0.1401533910449234, "6": 0.006637211295219134, "7": 0.14653811591511834, "8": 0.00564877362990677, "9": 0.5885776421186265, "10": 1.211449921886846e-11}, "17": {"0": 0.026468106306306843, "1": 0.0230538129289615, "2": 0.020063103500809854, "3": 0.11558443628458025, "4": 0.7413389589684776, "5": 0.022282428364622877, "6": 2.0621649967289978e-11, "7": 0.051208563414750836, "8": 7.73081683516998e-08, "9": 5.129019810347369e-07, "10": 7.193087656952767e-13}, "18": {"0": 0.040929660345703694, "1": 0.0383500860717341, "2": 0.15632445789098867, "3": 0.7559697378382096, "4": 0.006114448327207081, "5": 7.235081083214389e-10, "6": 2.4718191890075744e-06, "7": 0.00026678238950711143, "8": 0.0011914853811232028, "9": 0.0008508692119636298, "10": 8.637681276474529e-13}, "19": {"0": 0.01505037908832835, "1": 0.016116993663144435, "2": 0.0309862642742155, "3": 0.013233705108820645, "4": 0.02380056779560411, "5": 0.006540354619923833, "6": 0.006973135647031066, "7": 0.004447772442987167, "8": 0.880489594763099, "9": 0.002361232596680004, "10": 1.6381797942821086e-13}, "20": {"0": 0.0331406866456381, "1": 0.030175910539188146, "2": 0.4202882114265935, "3": 0.018261335854467046, "4": 0.0758181893925782, "5": 0.00567113219520554, "6": 0.011453905294045177, "7": 0.40026966383144014, "8": 2.0769431111276853e-08, "9": 9.66934852222241e-12, "10": 0.004920944041744378}, "21": {"0": 0.02720060945581122, "1": 0.028043896211381123, "2": 0.07726727240068053, "3": 0.22689841567126648, "4": 0.002581228175727189, "5": 0.02289465944019008, "6": 0.00811459439196326, "7": 0.6066335348650279, "8": 8.562784468129973e-05, "9": 0.0002801615431497171, "10": 1.197574326235606e-13}, "22": {"0": 0.0193534515586005, "1": 0.020405490681040844, "2": 0.28802825776368607, "3": 2.3425498866480335e-05, "4": 0.0051888606022076145, "5": 0.0018141559292848789, "6": 0.007645620043998021, "7": 0.0013988333682274565, "8": 0.007881872231553594, "9": 0.648260032322049, "10": 4.854236447438957e-13}, "23": {"0": 0.02715116271477193, "1": 0.03120582348498163, "2": 0.03422381015821672, "3": 0.8086416004580557, "4": 0.09877280920340079, "5": 4.792734534935852e-06, "6": 1.0651167562044978e-10, "7": 1.1256757056193523e-09, "8": 4.308117239891908e-12, "9": 9.433961493949412e-12, "10": 1.1054784181256432e-13}, "24": {"0": 0.04576301848461617, "1": 0.046617395538331205, "2": 0.907343520652994, "3": 9.937438499200937e-05, "4": 8.798092230537995e-08, "5": 1.2259966747458573e-11, "6": 6.838173266896571e-09, "7": 0.0001765960910974564, "8": 8.682651939382523e-12, "9": 7.803453598475e-12, "10": 1.2726144834623425e-13}}