{"0": 0.045792912304506224, "1": 0.03411419033115097, "2": 0.043787664253321215, "3": 0.010171675648806954, "4": 0.020686921326066574, "5": 0.05853743756829592, "6": 0.0394031000370191, "7": 0.034233762929441504, "8": 0.0038815295856917884, "9": 0.019715959578003556, "10": 0.04189050960987877, "11": 0.04956800492113158, "12": 0.03989036910213846, "13": 0.03507398517803573, "14": 0.021509732878612724, "15": 0.07949619372886745, "16": 0.05096985148561032, "17": 0.03241529421446039, "18": 0.032380772442742206, "19": 0.02006582447044831, "20": 0.06791322994717389, "21": 0.04892052835499439, "22": 0.09084535768079242, "23": 0.06249638832737985, "24": 0.016238804095429576}