{"0": {"1": 0.6348196768536638, "5": 0.3651803231463364}, "1": {"0": 0.5171680665923309, "2": 0.4828319334076699}, "2": {"1": 0.6664000356004663, "3": 0.33359996439953504}, "3": {"2": 0.4512496670797984, "4": 0.2556077171154975, "8": 0.29314261580470385}, "4": {"3": 0.4962883056704653, "9": 0.5037116943295344}, "5": {"0": 0.1646413037726101, "6": 0.3755156184589316, "10": 0.45984307776845745}, "6": {"5": 0.3195402523501469, "7": 0.17283551900232327, "11": 0.2921243251908589, "12": 0.21549990345667122}, "7": {"6": 0.3023018924273623, "8": 0.4642129112930784, "12": 0.2334851962795589}, "8": {"3": 0.1460835426385318, "7": 0.20401398552334649, "9": 0.19691006354491347, "12": 0.3241374241815357, "13": 0.12885498411167204}, "9": {"8": 0.35645226143646935, "4": 0.5104714794649221, "14": 0.133076259098609}, "10": {"5": 0.9688931963481026, "15": 0.0311068036518972}, "11": {"6": 0.2269431867120716, "12": 0.4419891158764135, "16": 0.3310676974115142}, "12": {"6": 0.08927552672672313, "7": 0.07118201944856206, "8": 0.09517841440737468, "11": 0.16101688657249175, "13": 0.061770160740172345, "16": 0.21940894008023626, "17": 0.17564001129951695, "18": 0.1265280407249253}, "13": {"8": 0.1866321853931197, "12": 0.39141759170150137, "14": 0.26425378423847473, "18": 0.1576964386669057}, "14": {"9": 0.12308485128834061, "13": 0.3994490613840606, "19": 0.47746608732759904}, "15": {"10": 0.010100447467787118, "20": 0.9898995525322143}, "16": {"11": 0.22671641283769375, "12": 0.29498408525307673, "17": 0.10311340892349657, "21": 0.37518609298573125}, "17": {"12": 0.2982434317624098, "16": 0.06064391114540574, "18": 0.2782823118681643, "22": 0.3628303452240182}, "18": {"12": 0.24135656813038023, "13": 0.04773226252484259, "17": 0.4143033772425452, "19": 0.2720483252377496, "23": 0.024559466864482456}, "19": {"14": 0.35906347712364123, "18": 0.48465397498523516, "24": 0.15628254789112253}, "20": {"15": 0.5725723919700436, "21": 0.42742760802995616}, "21": {"16": 0.4440603200313884, "20": 0.3628579953642346, "22": 0.19308168460437888}, "22": {"17": 0.34460919574998883, "21": 0.11985854211122636, "23": 0.5355322621387858}, "23": {"18": 0.024880057810238394, "22": 0.8121325768629732, "24": 0.1629873653267873}, "24": {"19": 0.5350319706296431, "23": 0.4649680293703596}}